"","cut_off","num_t","stratum","dist","smd","te","time"
"1",0.027851779,4,NULL,NULL,NULL,-0.0129786185756105,NULL
"2",0.032616183,5,NULL,NULL,NULL,-0.0129786185756105,NULL
"3",0.040461193,6,NULL,NULL,NULL,-0.0129786185756105,NULL
"4",0.05117837,7,NULL,NULL,NULL,-0.0129786185756105,NULL
"5",0.056999489,8,list(c("c16", "t1"), c("c1", "c3", "c6", "c7", "c8", "c9", "c10", "c12", "c13", "c14", "c15", "c16", "c18", "c19", "c20", "c21", "c22", "c23", "c26", "c27", "c28", "c29", "c30", "c32", "c34", "c35", "c36", "c37", "c39", "c41", "c42", "c43", "c44", "c47", "c48", "c50", "c52", "c53", "c54", "c56", "c57", "c58", "c60", "c61", "c62", "c63", "c67", "t2"), c("c6", "t3"), c("c6", "c8", "c9", "c11", "c13", "c14", "c15", "c16", "c17", "c23", "c25", "c26", "c28", "c31", "c38", "c40", "c44", "c47", "c49", "c50", 
"c58", "c60", "c61", "c66", "t4"), c("c2", "c5", "c6", "c8", "c9", "c10", "c14", "c15", "c16", "c26", "c28", "c44", "c47", "c50", "c55", "c56", "c60", "c61", "c63", "c69", "t5"), c("c6", "c8", "t6"), c("c6", "c8", "c14", "c16", "c26", "c44", "c60", "t7"), c("c4", "c6", "c8", "c9", "c10", "c13", "c14", "c16", "c23", "c24", "c26", "c28", "c33", "c36", "c44", "c45", "c46", "c47", "c50", "c51", "c56", "c59", "c60", "c61", "c63", "c64", "c65", "c68", "c70", "t8")),83.4,c(-0.551968248593346, -0.0354139172863492, -0.00406225896871532, 0.257853595414124, 0.000123840915119811, -0.0735686253905489, -0.0127384411497977, -0.0102925738885312, 0.00984310288266477, 0.00567044348125553),-0.0291942667553232,c(elapsed = 0.521999999999935)
"6",0.057501393,9,list(c("c7", "t1"), c("c1", "c3", "c11", "c18", "c19", "c20", "c21", "c23", "c30", "c31", "c32", "c33", "c37", "c38", "c44", "c45", "c50", "c58", "c64", "c67", "c69", "t2"), c("c6", "c7", "c17", "c26", "c28", "c29", "c34", "c41", "c47", "c52", "c55", "c62", "c66", "t3"), c("c46", "t4"), c("c10", "c12", "c15", "c16", "c22", "c24", "c27", "c39", "c40", "c48", "c49", "c57", "c59", "c65", "t5"), c("c1", "c2", "c4", "c5", "c7", "c9", "c13", "c34", "c36", "c42", "c51", "c53", "c54", "c56", "c60", "c61", 
"c68", "t6"), c("c14", "t7"), c("c9", "t8"), c("c8", "c25", "c35", "c43", "c63", "c64", "t9")),30,c(0.104261625754839, -0.0475371410891788, -0.000251382604323791, 0.0283990519284644, 0.000125039956194506, 0.0133993207254107, -0.0167933224375714, -0.000649590323690909, 0.00110400721073465, 0.0049469110794317),-0.0111931225696703,c(elapsed = 1.25300000000016)
"7",0.05762269,10,list(c("c5", "c7", "t1"), c("c3", "c8", "c18", "c21", "c22", "c24", "c29", "c34", "c42", "c43", "c44", "c49", "c51", "c54", "c59", "c62", "c63", "c66", "t10"), c("c10", "c18", "c19", "c25", "c30", "c31", "c32", "c37", "c49", "c57", "c68", "t2"), c("c5", "c6", "c16", "c27", "c33", "c46", "t3"), c("c17", "c20", "c23", "c28", "c30", "c36", "c39", "c40", "t4"), c("c13", "t5"), c("c11", "c14", "c15", "c26", "c38", "c47", "c48", "c56", "c58", "c64", "t6"), c("c2", "c4", "c5", "c7", "c9", "c12", "c33", 
"c35", "c41", "c50", "c52", "c53", "c55", "c60", "c61", "c65", "c67", "t7"), c("c13", "c45", "t8"), c("c1", "c9", "t9")),26.5,c(0.020840950988009, -0.00550427159985895, 0.00296364855188384, 0.00152372137666262, -6.72121935291824e-05, 0.00269442141132453, -0.0019868584211694, 0.00777891986024675, 6.02202580812438e-05, -0.00232087918217309),-0.0176322816658215,c(elapsed = 1.65900000000011)
"8",0.065693017,11,list(c("c1", "c41", "t1"), c("c1", "c8", "t10"), c("c2", "c7", "c20", "c21", "c23", "c28", "c33", "c41", "c53", "c58", "c61", "c62", "c64", "c65", "t11"), c("c6", "t2"), c("c9", "c17", "c18", "c24", "c29", "c30", "c31", "c36", "c42", "c43", "c48", "c56", "c67", "t3"), c("c5", "c15", "c26", "c32", "c45", "c50", "c60", "t4"), c("c16", "c19", "c22", "c27", "c35", "c39", "t5"), c("c12", "t6", "t9"), c("c10", "c13", "c14", "c25", "c37", "c38", "c46", "c47", "c55", "c57", "c63", "t7"), c("c3", "c4", "c8", 
"c11", "c32", "c34", "c40", "c44", "c49", "c51", "c52", "c54", "c59", "c66", "t8")),24.9,c(0.208575612421766, -0.016741975972746, -0.00905718213410521, 0.188112315035391, -3.36866891762068e-05, 0.0269809669475639, -0.00611588591482196, -0.0217076853021499, 0.0074855333816815, -0.00118023009611963),-0.0156044573811103,c(elapsed = 1.89599999999973)
"9",0.07095151,12,list(c("c1", "c40", "t1"), c("c43", "t10"), c("c1", "c8", "t11"), c("c2", "c7", "c19", "c20", "c22", "c27", "c32", "c42", "c47", "c52", "c57", "c60", "c61", "c63", "c64", "t12"), c("c6", "t2"), c("c9", "c16", "c17", "c23", "c29", "c30", "c35", "c41", "c55", "c66", "t3"), c("c4", "c14", "c25", "c31", "c44", "c49", "c59", "t4"), c("c15", "c18", "c21", "c26", "c28", "c34", "c37", "c38", "t5"), c("c4", "t6"), c("c11", "t7"), c("c5", "c10", "c12", "c13", "c24", "c36", "c45", "c46", "c54", "c56", "c62", 
"t8"), c("c3", "c4", "c6", "c8", "c31", "c33", "c39", "c43", "c48", "c50", "c51", "c53", "c58", "c65", "t9")),24.9,c(0.158290320790322, 0.00836936674436627, -0.00875513375513376, 0.20161532911533, -2.774012536075e-05, 0.0201576259866638, 0.00306746493722384, -0.0212971960184988, 0.00810414584110421, -0.000990518332214789),-0.0184780177009629,c(elapsed = 1.07099999999991)
"10",0.073203908,13,list(c("c8", "c39", "t1"), c("c42", "t10"), c("c1", "c8", "c29", "t11"), c("c2", "c7", "c18", "c19", "c21", "c31", "c41", "c46", "c48", "c51", "c56", "c59", "c60", "c62", "t12"), c("c35", "t13"), c("c6", "t2"), c("c9", "c15", "c16", "c22", "c27", "c28", "c34", "c40", "c54", "c63", "c65", "t3"), c("c5", "c13", "c24", "c30", "c43", "c58", "t4"), c("c14", "c17", "c20", "c25", "c27", "c29", "c33", "c36", "c37", "t5"), c("c4", "t6"), c("c11", "t7"), c("c10", "c12", "c20", "c23", "c26", "c35", "c44", "c45", 
"c53", "c55", "c61", "t8"), c("c3", "c4", "c6", "c8", "c30", "c32", "c38", "c47", "c49", "c50", "c52", "c55", "c57", "c64", "t9")),24,c(0.189967439967439, 0.0342839567839571, -0.00922225922225922, 0.0382404632404635, 0.000104301365588117, 0.0233718013477219, 0.0127257389652683, -0.0227212940845742, 0.00150605558328463, 0.00377514995981576),-0.0193796058552374,c(elapsed = 1.47399999999971)
"11",0.074618961,14,list(c("c38", "t1"), c("c3", "c63", "t10"), c("c10", "t11"), c("c1", "c7", "c28", "t12"), c("c2", "c6", "c17", "c18", "c20", "c25", "c30", "c45", "c58", "c59", "c62", "t13"), c("c34", "t14"), c("c11", "t2"), c("c8", "c14", "c15", "c21", "c26", "c27", "c33", "c39", "c40", "c46", "c48", "c53", "c64", "t3"), c("c3", "c5", "c31", "c37", "c49", "c50", "c51", "c54", "c55", "c56", "c57", "c60", "t4"), c("c4", "c12", "c23", "c29", "c42", "c47", "c61", "t5"), c("c13", "c16", "c19", "c24", "c26", "c32", "c35", 
"c36", "t6"), c("c3", "t7"), c("c41", "t8"), c("c9", "c22", "c43", "c44", "c52", "t9")),19,c(0.10752442002442, 0.0725648763629543, -0.0164365548980933, 0.277161727161725, 5.35634654642367e-05, 0.0126930271835536, 0.0272281485378089, -0.0385485170293278, 0.0110921408552054, 0.00197074980462561),-0.0165317590001552,c(elapsed = 1.75199999999995)
"12",0.083865848,15,list(c("c37", "t1"), c("c8", "c21", "c42", "c43", "c51", "t10"), c("c3", "c30", "c62", "t11"), c("c9", "t12"), c("c1", "c7", "c27", "t13"), c("c2", "c6", "c16", "c17", "c19", "c29", "c44", "c57", "c58", "t14"), c("c33", "t15"), c("c5", "c10", "t2"), c("c13", "c14", "c20", "c24", "c26", "c32", "c38", "c39", "c44", "c45", "c47", "c52", "c60", "c61", "c63", "t3"), c("c5", "c34", "c36", "c48", "c49", "c50", "c53", "c54", "c55", "c56", "c59", "c62", "t4"), c("c4", "c11", "c22", "c28", "c41", "c46", "t5"
), c("c15", "c31", "t6"), c("c12", "c15", "c18", "c23", "c25", "c35", "t7"), c("c3", "t8"), c("c40", "t9")),19.1,c(0.192378917378915, 0.0518717948717956, -0.0106837606837607, 0.592029914529913, 0.000403491632763533, 0.0228481221558211, 0.0196362547229783, -0.0253314684231645, 0.0237721090750864, 0.0148328292416013),-0.0141740596148148,c(elapsed = 1.14199999999983)
"13",0.094291624,16,list(c("c18", "c36", "t1"), c("c8", "c10", "c20", "c41", "c42", "c50", "t10"), c("c3", "c29", "c61", "t11"), c("c9", "t12"), c("c1", "c7", "c26", "t13"), c("c2", "c6", "c15", "c16", "c28", "c56", "c57", "t14"), c("c32", "t15"), c("c21", "t16"), c("c5", "t2"), c("c12", "c13", "c19", "c24", "c31", "c37", "c38", "c43", "c44", "c46", "c51", "c59", "c60", "c62", "t3"), c("c33", "c35", "c47", "c48", "c49", "c52", "c53", "c54", "c55", "c58", "t4"), c("c3", "c4", "c27", "c40", "c45", "t5"), c("c17", "c23", 
"c25", "c30", "t6"), c("c11", "c14", "c22", "c34", "t7"), c("c3", "t8"), c("c39", "t9")),18.4,c(0.243284493284493, -0.0262133699633695, -0.0108669108669109, 0.273394383394383, -2.14427153540939e-05, 0.027092214565164, -0.00990234479571799, -0.0260174558016756, 0.0111256620245765, -0.000759750298593644),-0.0104286475181929,c(elapsed = 1.00800000000027)
"14",0.095558229,17,list(c("c4", "c35", "t1"), c("c8", "t10"), c("c7", "c9", "c19", "c40", "c41", "c49", "t11"), c("c26", "c28", "c60", "t12"), c("c38", "t13"), c("c1", "c6", "c25", "t14"), c("c2", "c5", "c14", "c17", "c27", "c42", "c44", "c55", "c56", "t15"), c("c31", "c37", "t16"), c("c20", "t17"), c("c4", "t2", "t5"), c("c11", "c12", "c15", "c18", "c22", "c23", "c24", "c30", "c36", "c42", "c43", "c45", "c50", "c58", "c59", "c61", "t3"), c("c4", "c32", "c34", "c46", "c48", "c51", "c52", "c53", "c54", "c57", "t4"), 
    c("c39", "t6"), c("c3", "c16", "c29", "t7"), c("c10", "c13", "c21", "c33", "t8"), c("c47", "t9")),18.7,c(0.27786680911681, -0.0444624287749286, -0.00705128205128207, 0.983431267806267, 0.000384672188301282, 0.0309314912141974, -0.0168779571670383, -0.0170284971486648, 0.0400617696934478, 0.0137775248089504),-0.0112012929818198,c(elapsed = 0.391000000000076)
"15",0.107487046,18,list(c("c3", "c34", "t1"), c("c43", "t10"), c("c37", "t11"), c("c6", "c8", "c18", "c39", "c40", "c48", "t12"), c("c27", "c59", "t13"), c("c7", "c37", "t14"), c("c1", "c5", "c24", "t15"), c("c2", "c4", "c13", "c14", "c16", "c26", "c54", "c55", "t16"), c("c30", "c36", "t17"), c("c19", "t18"), c("c3", "t2", "t5"), c("c9", "c10", "c11", "c17", "c21", "c22", "c23", "c26", "c29", "c35", "c41", "c42", "c44", "c49", "c57", "c58", "c60", "t3"), c("c3", "c31", "c33", "c45", "c46", "c47", "c50", "c51", "c52", 
"c53", "c56", "t4"), c("c25", "t6"), c("c38", "t7"), c("c28", "t8"), c("c12", "c15", "c20", "c32", "t9")),19.2,c(0.346105283605284, -0.0423985614059133, 0.00476484300013712, 1.65241727227021, 0.000897649044894649, 0.0390950041157685, -0.0161804482957756, 0.0115950975777295, 0.0679543612659049, 0.0325133227959591),-0.0114310332890671,c(elapsed = 1.6909999999998)
"16",0.11100525,19,list(c("c2", "c15", "c33", "t1"), c("c11", "c19", "c31", "t10"), c("c52", "t11", "t6"), c("c36", "t12"), c("c5", "c7", "c17", "c38", "c39", "c47", "t13"), c("c26", "c58", "t14"), c("c6", "t15"), c("c1", "c4", "c23", "t16"), c("c3", "c20", "c25", "c53", "c54", "t17"), c("c12", "c29", "c35", "t18"), c("c18", "t19"), c("c2", "c7", "t2"), c("c13", "c57", "t3"), c("c8", "c9", "c10", "c16", "c21", "c22", "c28", "c34", "c40", "c41", "c43", "c48", "c56", "c59", "t4"), c("c2", "c30", "c32", "c44", "c46", 
"c49", "c50", "c51", "c52", "c55", "t5"), c("c24", "c37", "t7"), c("c42", "c52", "t8"), c("c14", "c27", "t9")),18.1,c(0.319902319902321, -0.0593351648351647, -0.00231990231990233, 1.73015873015873, 0.00103002307863248, 0.0366675844508461, -0.0220857031512749, -0.00568353858154099, 0.0707946991102876, 0.0363710077356879),-0.00997175733638584,c(elapsed = 3.81399999999985)
"17",0.114340701,20,list(c("c2", "c14", "c32", "t1"), c("c13", "c26", "t10"), c("c7", "c10", "c18", "c30", "t11"), c("c51", "t12", "t6", "t7"), c("c5", "t13"), c("c4", "c6", "c16", "c37", "c38", "c46", "t14"), c("c25", "c57", "t15"), c("c35", "t16"), c("c1", "c3", "c22", "c23", "t17"), c("c11", "c24", "c41", "c44", "c52", "c53", "t18"), c("c28", "c34", "t19"), c("c2", "t2"), c("c17", "t20"), c("c12", "c56", "t3"), c("c8", "c9", "c15", "c19", "c20", "c21", "c27", "c33", "c39", "c40", "c42", "c47", "c55", "c58", "t4"), 
    c("c2", "c29", "c31", "c43", "c45", "c48", "c49", "c50", "c51", "c54", "t5"), c("c36", "t8"), c("c14", "t9")),17.9,c(0.207570207570209, -0.0552628205128198, -0.000183150183150194, 0.873305860805861, 0.00042956642399267, 0.0241048944631978, -0.020234963933471, -0.000451356465864398, 0.0359435277122909, 0.0153027409786544),-0.010778940876801,c(elapsed = 1.50500000000011)
"18",0.118372299,21,list(c("c2", "c13", "c31", "t1"), c("c12", "c25", "t10"), c("c6", "c9", "c17", "c29", "t11"), c("c5", "t12"), c("c50", "t13", "t6"), c("c4", "t14"), c("c15", "c36", "c37", "c45", "t15"), c("c24", "c56", "t16"), c("c34", "t17"), c("c1", "c3", "c21", "t18"), c("c23", "c43", "c52", "t19"), c("c2", "c47", "t2"), c("c10", "c27", "c33", "t20"), c("c16", "t21"), c("c11", "c55", "t3"), c("c7", "c8", "c14", "c18", "c19", "c20", "c26", "c32", "c38", "c39", "c40", "c41", "c46", "c54", "c57", "t4"), c("c2", 
"c28", "c30", "c42", "c44", "c47", "c48", "c49", "c50", "c53", "t5"), c("c22", "c50", "t7"), c("c35", "t8"), c("c43", "c51", "t9")),17.9,c(0.112820512820512, -0.00266025641025536, -0.00256410256410258, 0.831666666666666, 0.000316364748931621, 0.0132541012433752, -0.000977534892473374, -0.0063515783599211, 0.0334462509163697, 0.0113786112756839),-0.009089846175,c(elapsed = 2.23500000000013)
"19",0.122514769,22,list(c("c12", "c30", "t1"), c("c12", "t10"), c("c11", "c24", "t11"), c("c5", "c8", "c16", "c28", "t12"), c("c4", "t13", "t2"), c("c15", "t14", "t22"), c("c33", "t15"), c("c4", "c14", "c35", "c36", "c44", "t16"), c("c21", "c23", "c55", "t17"), c("c3", "t18"), c("c1", "c2", "c20", "t19"), c("c9", "c22", "c50", "c51", "t20"), c("c26", "c32", "t21"), c("c10", "c15", "c54", "t3"), c("c6", "c7", "c13", "c17", "c18", "c19", "c25", "c31", "c37", "c38", "c40", "c45", "c53", "c56", "t4"), c("c27", "c29", "c41", 
"c42", "c43", "c46", "c47", "c48", "c49", "c52", "t5"), c("c49", "t6"), c("c34", "t7"), c("c39", "t8"), c("c46", "t9")),18.2,c(0.0626984126984138, -0.0750021367521351, -0.00445665445665447, 0.968711843711843, 0.0009107314521978, 0.00744605322901243, -0.027651201488681, -0.0110888824177119, 0.0392538493152209, 0.0329672123256274),-0.00963370216098901,c(elapsed = 1.10200000000032)
"20",0.131569407,23,list(c("c19", "c32", "t1"), c("c45", "t10", "t3"), c("c49", "t11"), c("c10", "c23", "t12"), c("c4", "c7", "c15", "c27", "t13"), c("c3", "t14"), c("c48", "t15", "t7", "t9"), c("c2", "t16", "t19"), c("c3", "c13", "c34", "c35", "c43", "t17"), c("c20", "c22", "c54", "t18"), c("c11", "c29", "t2"), c("c1", "t20"), c("c21", "c50", "t21"), c("c8", "c25", "c31", "t22"), c("c14", "t23"), c("c9", "c38", "c53", "t4"), c("c5", "c6", "c12", "c16", "c17", "c18", "c24", "c30", "c36", "c37", "c39", "c44", "c52", 
"c55", "t5"), c("c26", "c28", "c40", "c41", "c42", "c45", "c46", "c47", "c48", "c51", "t6"), c("c33", "c48", "t8")),17.7,c(0.127869352869353, -0.00901923076922892, -0.0065934065934066, 0.613583638583638, -8.06422668192951e-05, 0.0150675626979422, -0.00333305933844086, -0.016468154816927, 0.0249610524244918, -0.00294160995786317),-0.00844230429239927,c(elapsed = 1.1220000000003)
"21",0.132051734,24,list(c("c1", "c18", "c31", "t1"), c("c44", "t10", "t3"), c("c40", "t11"), c("c22", "t12"), c("c6", "c9", "c14", "c26", "t13"), c("c42", "t14"), c("c47", "t15", "t7", "t9"), c("c2", "t16"), c("c12", "c33", "c34", "c42", "t17"), c("c19", "c21", "c53", "t18"), c("c1", "t19", "t20"), c("c1", "c10", "c28", "t2"), c("c7", "c20", "c49", "t21"), c("c12", "t22"), c("c24", "c30", "c48", "t23"), c("c13", "t24"), c("c8", "c13", "c52", "t4"), c("c3", "c4", "c5", "c11", "c15", "c16", "c17", "c23", "c29", "c35", 
"c36", "c37", "c38", "c43", "c51", "c54", "t5"), c("c25", "c27", "c39", "c41", "c44", "c45", "c46", "c47", "c50", "t6"), c("c32", "t8")),18.1,c(0.170138888888888, -0.0122560541310531, 0.000356125356125355, 1.2477297008547, 0.000856367423700144, 0.0201169132513063, -0.00449395384691218, 0.000892361268504806, 0.0508288726363694, 0.0314613521145341),-0.0102240323319088,c(elapsed = 0.579999999999927)
"22",0.13869852,25,list(c("c17", "c30", "t1"), c("c43", "t10", "t3"), c("c39", "t11"), c("c3", "c21", "t12"), c("c5", "c8", "c13", "c25", "t13"), c("c11", "t14", "t23"), c("c46", "t15", "t7", "t8"), c("c30", "t16", "t17", "t20"), c("c11", "c32", "c33", "c41", "t18"), c("c18", "c20", "c52", "t19"), c("c1", "c9", "c27", "t2"), c("c1", "t21"), c("c6", "c19", "c36", "c48", "t22"), c("c23", "c29", "c47", "t24"), c("c12", "t25"), c("c7", "c12", "c51", "t4"), c("c2", "c3", "c4", "c10", "c14", "c15", "c16", "c22", "c28", "c34", 
"c35", "c37", "c42", "c50", "c53", "t5"), c("c24", "c26", "c38", "c40", "c43", "c44", "c45", "c46", "c49", "t6"), c("c31", "c46", "t9")),17.9,c(0.0382478632478629, -0.0292314814814811, -0.00584045584045584, 0.489572649572649, 0.000265423023646724, 0.00450313030865375, -0.0106853584331977, -0.0146741999664324, 0.0200570637310286, 0.00982985476655229),-0.0128066352440883,c(elapsed = 0.383000000000266)
"23",0.148049323,26,list(c("c16", "c29", "t1"), c("c42", "t10", "t3"), c("c8", "t11"), c("c29", "t12", "t17", "t18", "t21"), c("c2", "c20", "t13"), c("c4", "c7", "c12", "c24", "t14"), c("c10", "t15", "t24"), c("c45", "t16", "t7", "t8"), c("c10", "c31", "c32", "c40", "t19"), c("c8", "c26", "t2"), c("c17", "c19", "c51", "t20"), c("c17", "t22"), c("c5", "c18", "c35", "c47", "t23"), c("c22", "c28", "c46", "t25"), c("c11", "t26"), c("c6", "c11", "c50", "t4"), c("c1", "c2", "c3", "c9", "c13", "c14", "c15", "c21", "c27", "c33", 
"c34", "c36", "c41", "c49", "c52", "t5"), c("c23", "c25", "c37", "c38", "c39", "c42", "c43", "c44", "c45", "c48", "t6"), c("c30", "c45", "t9")),18.3,c(0.0876068376068381, -0.0187905982905971, -0.00683760683760685, 0.416068376068376, 5.9433126923078e-05, 0.0103469417192355, -0.00687563153565433, -0.0172174059190704, 0.0170921659699156, 0.00221928668856863),-0.0140884549720085,c(elapsed = 1.14699999999993)
"24",0.150036961,27,list(c("c29", "t1", "t12", "t17", "t18", "t21"), c("c42", "t10", "t3", "t7", "t8"), c("c8", "t11"), c("c2", "c20", "t13"), c("c4", "c7", "c12", "c24", "t14"), c("c10", "t15", "t24"), c("c11", "t16", "t26"), c("c10", "c31", "c32", "c40", "t19"), c("c8", "c17", "c26", "t2"), c("c17", "c19", "c50", "t20"), c("c16", "t22"), c("c5", "c18", "c35", "c38", "c46", "t23"), c("c22", "c28", "c45", "t25"), c("c38", "t27"), c("c6", "c11", "c49", "t4"), c("c1", "c2", "c3", "c9", "c13", "c14", "c15", "c21", "c27", 
"c33", "c34", "c36", "c41", "c48", "c51", "t5"), c("c23", "c25", "c37", "c38", "c39", "c42", "c43", "c44", "c47", "t6"), c("c30", "t9")),19.2,c(0.15811965811966, -0.00369159544159445, -0.00584045584045584, 0.356381766381766, 0.000486064291239317, 0.0187919811689377, -0.00134751182777639, -0.014732269311039, 0.0147075589817427, 0.0182507589578867),-0.0123684768447293,c(elapsed = 1.33599999999979)
"25",0.156047731,28,list(c("c28", "t1", "t17", "t18", "t21"), c("c41", "t10", "t15", "t3", "t7", "t8"), c("c37", "t11", "t16"), c("c16", "t12"), c("c12", "c19", "t13"), c("c4", "c7", "c11", "c23", "t14"), c("c9", "c30", "c31", "c39", "t19"), c("c16", "c25", "t2"), c("c16", "c18", "c49", "t20"), c("c15", "t22"), c("c17", "t23"), c("c9", "t24"), c("c5", "c21", "c27", "c44", "t25"), c("c10", "t26", "t28"), c("c25", "t27"), c("c6", "c10", "c48", "t4"), c("c1", "c2", "c3", "c8", "c13", "c14", "c20", "c26", "c32", "c33", 
"c34", "c35", "c40", "c45", "c47", "c50", "t5"), c("c22", "c24", "c31", "c36", "c37", "c38", "c41", "c42", "c43", "c46", "t6"), c("c29", "t9")),19.2,c(0.259989316239316, 0.0828605769230775, -0.00811965811965813, 0.852654914529914, 0.000819064025373933, 0.031138659191224, 0.0296608506687709, -0.0205087629872121, 0.0353693184527874, 0.0310010123995815),-0.0130154393855769,c(elapsed = 0.471000000000004)
"26",0.156950439,29,list(c("c14", "c27", "t1"), c("c40", "t10", "t15", "t3", "t7"), c("c36", "t11", "t29"), c("c27", "t12", "t17", "t18", "t21"), c("c18", "t13"), c("c4", "c6", "c10", "c22", "t14"), c("c9", "t16", "t26", "t9"), c("c8", "c29", "c30", "c38", "t19"), c("c24", "t2", "t28"), c("c15", "c17", "c34", "c40", "c48", "t20"), c("c15", "t22"), c("c16", "c33", "t23"), c("c8", "t24"), c("c20", "c26", "t25"), c("c43", "t27"), c("c5", "c9", "c36", "c47", "t4"), c("c1", "c2", "c3", "c7", "c11", "c12", "c13", "c16", "c19", 
"c25", "c31", "c32", "c39", "c44", "c46", "c49", "t5"), c("c21", "c23", "c35", "c36", "c37", "c40", "c41", "c42", "c45", "t6"), c("c28", "t8")),19.1,c(0.0735576923076923, -0.00138123219373157, 0.00724715099715099, 0.709731125356125, 0.00114854934519231, 0.00885847862137438, -0.000493730031250217, 0.0183224020133896, 0.0289321533014093, 0.0438467852538293),-0.0126156148717058,c(elapsed = 1.66599999999971)
"27",0.158394476,30,list(c("c14", "t1"), c("c40", "t10", "t3"), c("c44", "t11"), c("c15", "t12"), c("c2", "c6", "c11", "c12", "t13"), c("c1", "c4", "c10", "c21", "c22", "t14"), c("c45", "t15"), c("c36", "t16", "t29"), c("c27", "t17", "t18", "t21"), c("c8", "c29", "c38", "t19"), c("c24", "t2"), c("c48", "t20"), c("c7", "t22"), c("c16", "c44", "t23"), c("c8", "t24"), c("c20", "c43", "t25"), c("c9", "t26"), c("c41", "t27"), c("c46", "t28"), c("c5", "c13", "c17", "c18", "c19", "c23", "c26", "c32", "c34", "c42", "t30"), 
    c("c47", "t4"), c("c3", "c25", "c31", "c39", "t5"), c("c35", "c37", "t6"), c("c28", "t7"), c("c30", "t8"), c("c33", "t9")),12.7,c(0.32542735042735, 0.0134807692307693, 0.0128205128205128, 0.573076923076923, 0.00200681245405983, 0.0392885676639405, 0.00480118128272579, 0.0315364563879792, 0.0233427908075779, 0.0754745101948015),-0.00988613087094017,c(elapsed = 4.86299999999983)
"28",0.159149323,31,list(c("c24", "t1", "t2", "t22"), c("c39", "t10", "t3", "t7"), c("c16", "t11"), c("c7", "t12"), c("c11", "t13"), c("c1", "c4", "c10", "c22", "t14"), c("c44", "t15"), c("c32", "t16"), c("c15", "t17", "t21"), c("c6", "t18"), c("c28", "c29", "c37", "t19"), c("c47", "t20"), c("c16", "c43", "t23"), c("c8", "t24"), c("c20", "c42", "t25"), c("c9", "t26"), c("c40", "t27"), c("c45", "t28"), c("c14", "t29"), c("c35", "t30"), c("c13", "c17", "c18", "c19", "c21", "c23", "c26", "c31", "c33", "c41", "t31"), c("c5", 
"c46", "t4"), c("c2", "c3", "c12", "c25", "c30", "c38", "t5"), c("c34", "c36", "t6"), c("c29", "t8"), c("c27", "t9")),13.3,c(0.212179487179487, -0.0580918803418799, 0.0200854700854701, 0.69465811965812, 0.00228955661816239, 0.025597689062926, -0.0206640066375593, 0.0494604958338522, 0.0284105808273382, 0.0868216931493447),-0.00585845001688034,c(elapsed = 2.3760000000002)
"29",0.166659947,32,list(c("c13", "t1"), c("c38", "t10", "t24", "t3", "t7"), c("c41", "t11"), c("c14", "t12", "t17", "t18", "t21", "t30"), c("c2", "c6", "c10", "c28", "t13"), c("c1", "c4", "c9", "c21", "t14"), c("c43", "t15"), c("c34", "t16", "t31"), c("c27", "c28", "t19"), c("c23", "t2"), c("c46", "t20"), c("c7", "t22"), c("c15", "c42", "t23"), c("c19", "t25"), c("c8", "t26"), c("c39", "t27"), c("c44", "t28"), c("c36", "t29"), c("c12", "c16", "c17", "c18", "c20", "c22", "c25", "c30", "c32", "c40", "t32"), c("c5", "c45", 
"t4"), c("c3", "c11", "c24", "c29", "c37", "t5"), c("c33", "c35", "t6"), c("c26", "t8"), c("c31", "t9")),13.3,c(0.169871794871795, -0.0214294871794876, 0.0115384615384615, -0.0368589743589742, 0.0015545934525641, 0.0205745458574764, -0.0076079300042455, 0.0284346801691024, -0.00150501943849669, 0.0594374049092994),-0.00411981884038462,c(elapsed = 0.617000000000189)
"30",0.177448276,33,list(c("c13", "t1"), c("c37", "t10", "t24", "t3", "t7"), c("c40", "t11"), c("c23", "t12", "t22"), c("c10", "t13"), c("c4", "c6", "c21", "t14"), c("c42", "t15"), c("c31", "t16"), c("c14", "t17", "t18", "t21", "t30"), c("c27", "c28", "t19"), c("c45", "t2", "t20"), c("c15", "c24", "c41", "t23"), c("c19", "t25"), c("c8", "t26"), c("c38", "t27"), c("c43", "t28"), c("c28", "t29", "t31"), c("c34", "t32"), c("c5", "c12", "c16", "c17", "c18", "c22", "c24", "c25", "c30", "c32", "c39", "t33"), c("c44", "t4"
), c("c1", "c2", "c3", "c7", "c11", "c24", "c29", "c36", "t5"), c("c33", "c35", "t6"), c("c9", "c20", "t8"), c("c26", "t9")),13.5,c(0.171571484071485, -0.020724553224553, 0.0285547785547786, 0.296586052836053, 0.00119322762563131, 0.0208377626996235, -0.00736963915589849, 0.0703994359379359, 0.0120816439542755, 0.045862583284782),-0.00127180683066239,c(elapsed = 3.57999999999993)
"31",0.178231075,34,list(c("c13", "t1"), c("c37", "t10", "t3", "t7"), c("c34", "t11"), c("c14", "c23", "t12"), c("c6", "t13"), c("c1", "c4", "c20", "c21", "t14"), c("c28", "t15", "t24", "t29", "t31"), c("c31", "t16"), c("c14", "t17", "t18", "t21", "t30"), c("c27", "c28", "t19"), c("c35", "t2"), c("c44", "t20"), c("c23", "t22"), c("c15", "c40", "t23"), c("c19", "t25"), c("c8", "t26", "t33"), c("c39", "t27"), c("c42", "t28"), c("c41", "t32"), c("c5", "c12", "c16", "c17", "c22", "c25", "c30", "c32", "c38", "t34"), c("c43", 
"t4"), c("c2", "c3", "c7", "c10", "c11", "c18", "c24", "c29", "c36", "t5"), c("c33", "t6"), c("c9", "t8"), c("c26", "t9")),13.4,c(0.518874643874645, 0.065391737891738, 0.00178062678062677, 0.288461538461539, 0.00241156545121083, 0.0632695439991999, 0.0232061070313631, 0.00430452555552736, 0.0117019992247057, 0.0935952047889157),-0.00814853081232194,c(elapsed = 1.92599999999993)
"32",0.183567161,35,list(c("c13", "t1", "t12", "t17", "t21", "t31"), c("c36", "t10", "t15", "t24", "t3", "t7"), c("c33", "t11", "t16", "t34"), c("c4", "c6", "t13"), c("c20", "t14"), c("c12", "t18"), c("c26", "t19"), c("c22", "t2", "t22"), c("c43", "t20"), c("c14", "c30", "c39", "t23"), c("c18", "c38", "t25"), c("c8", "t26"), c("c39", "t27"), c("c41", "t28"), c("c27", "t29", "t8"), c("c1", "c7", "t30"), c("c40", "t32"), c("c32", "t33"), c("c11", "c15", "c16", "c19", "c21", "c24", "c29", "c31", "c37", "t35"), c("c5", 
"c42", "t4"), c("c2", "c3", "c9", "c10", "c17", "c23", "c28", "c35", "t5"), c("c34", "t6"), c("c25", "t9")),13.2,c(0.475534188034188, 0.0110562678062682, 0.00641025641025641, -0.476680911680912, 0.00132053390580484, 0.0580553802922083, 0.00392059626003823, 0.015501691282248, -0.0193633534962809, 0.0500958397058929),-0.00106961261680912,c(elapsed = 2.07499999999982)
"33",0.192954193,36,list(c("c13", "t1", "t12", "t17", "t31"), c("c35", "t10", "t15", "t21", "t24", "t3", "t7", "t8"), c("c32", "t11", "t16", "t35"), c("c4", "c6", "t13"), c("c20", "t14", "t32"), c("c12", "t18"), c("c25", "c26", "t19"), c("c42", "t2", "t20"), c("c22", "t22"), c("c14", "c38", "t23"), c("c18", "t25"), c("c8", "t26"), c("c37", "t27"), c("c40", "t28"), c("c26", "t29"), c("c1", "c7", "t30"), c("c39", "t33"), c("c31", "t34"), c("c5", "c11", "c15", "c16", "c19", "c21", "c24", "c28", "c30", "c36", "t36"), c("c41", 
"t4"), c("c2", "c3", "c9", "c10", "c17", "c23", "c27", "c34", "t5"), c("c33", "t6"), c("c29", "t9")),13.4,c(0.549343711843713, -0.0991037851037841, 0.0115384615384615, -0.740018315018315, 0.0012830178365232, 0.0675218414006811, -0.0352638607484702, 0.0279050808158597, -0.0300666175006448, 0.0483918878569573),0.0042495842041514,c(elapsed = 1.76899999999978)
"34",0.197946486,37,list(c("c13", "t1", "t12", "t17", "t21", "t31", "t7"), c("c26", "t10", "t15", "t29", "t3", "t33", "t34", "t8"), c("c32", "t11", "t36"), c("c6", "t13"), c("c4", "c20", "t14"), c("c8", "t16", "t26", "t9"), c("c12", "t18"), c("c25", "t19"), c("c22", "t2", "t22"), c("c41", "t20"), c("c14", "c29", "c32", "c37", "t23"), c("c38", "t24"), c("c18", "t25"), c("c36", "t27"), c("c39", "t28"), c("c1", "c7", "t30"), c("c20", "t32"), c("c31", "t35"), c("c11", "c15", "c16", "c19", "c21", "c24", "c28", "c30", "c35", 
"t37"), c("c5", "c8", "c40", "t4"), c("c2", "c3", "c9", "c10", "c17", "c23", "c27", "c34", "t5"), c("c33", "t6")),14.1,c(0.682310744810746, 0.00962861212861199, 0.00641025641025641, -0.799913512413512, 0.00168137127821022, 0.0842699684918513, 0.00342753293244092, 0.0155000127443466, -0.0324597095444003, 0.0639324256086103),0.00261588726460114,c(elapsed = 3.03600000000006)
"35",0.198202268,38,list(c("c12", "t1"), c("c13", "t10", "t12", "t17", "t18", "t21", "t22", "t31", "t7", "t8"), c("c14", "t11", "t15", "t3", "t35"), c("c6", "t13"), c("c4", "t14"), c("c31", "t16", "t37"), c("c25", "t19", "t29", "t33"), c("c40", "t2", "t20"), c("c14", "c28", "c31", "c36", "t23"), c("c37", "t24"), c("c18", "t25"), c("c8", "t26", "t9"), c("c35", "t27"), c("c22", "t28"), c("c1", "c7", "t30"), c("c20", "t32"), c("c19", "t34"), c("c30", "t36"), c("c5", "c11", "c15", "c16", "c21", "c23", "c24", "c27", "c29", 
"c32", "c34", "t38"), c("c39", "t4"), c("c2", "c3", "c9", "c10", "c17", "c23", "c26", "c33", "c36", "c38", "t5"), c("c32", "t6")),15.8,c(0.843719243719243, 0.0536662781662794, 0.0233100233100233, -0.414623802123803, 0.00131306814038462, 0.104327095304955, 0.0191477645616773, 0.0563403937590009, -0.0167617036734729, 0.0503469877278163),0.00546166399961798,c(elapsed = 4.86899999999969)
"36",0.200395671,39,list(c("c12", "t1", "t17", "t18", "t32"), c("c13", "t10", "t15", "t3", "t36", "t8"), c("c13", "c30", "t11"), c("c21", "t12", "t21", "t22", "t28"), c("c24", "t13", "t19", "t29", "t34", "t35"), c("c19", "t14", "t33"), c("c30", "t16"), c("c39", "t2", "t20", "t31", "t7"), c("c13", "c27", "c30", "c35", "t23"), c("c36", "t24"), c("c17", "t25"), c("c8", "t26", "t38", "t9"), c("c34", "t27"), c("c7", "t30"), c("c29", "t37"), c("c2", "c9", "c11", "c14", "c15", "c16", "c18", "c20", "c23", "c26", "c28", "c33", 
"t39"), c("c5", "c8", "c38", "t4"), c("c1", "c2", "c3", "c4", "c6", "c10", "c22", "c25", "c32", "c37", "t5"), c("c31", "t6")),17.9,c(0.361538461538463, -0.0773803418803422, 0.016025641025641, -0.242521367521368, 0.00124995415235043, 0.0446587316356358, -0.027678896369535, 0.038709953874583, -0.00982341974753227, 0.0481533483353222),0.0113974282863248,c(elapsed = 3.27700000000004)
"37",0.202644763,40,list(c("c12", "t1", "t17", "t18", "t21", "t32"), c("c13", "t10", "t15", "t37", "t8"), c("c30", "t11", "t28"), c("c21", "t12", "t22"), c("c6", "t13"), c("c19", "t14", "t33"), c("c8", "t16", "t26", "t39", "t9"), c("c24", "t19", "t29", "t34", "t36"), c("c38", "t2", "t20", "t31", "t7"), c("c30", "c34", "t23"), c("c35", "t24"), c("c17", "t25"), c("c33", "t27"), c("c29", "t3", "t38", "t6"), c("c7", "t30"), c("c29", "c38", "t35"), c("c5", "c8", "c37", "t4"), c("c9", "c11", "c14", "c15", "c16", "c18", "c20", 
"c22", "c23", "c26", "c27", "c28", "c32", "t40"), c("c1", "c2", "c3", "c4", "c10", "c22", "c25", "c31", "c36", "t5")),17.8,c(0.14991781722551, -0.0531201512163053, 0.0195595003287311, -0.365505150120534, 0.000808340207243042, 0.0186128630029006, -0.0190244213928684, 0.0465784682423781, -0.0147652239952165, 0.031260652727791),0.0087412856613467,c(elapsed = 1.05999999999995)
"38",0.20348432,41,list(c("c11", "t1", "t17", "t18", "t21", "t33"), c("c12", "t10", "t11", "t15", "t3", "t38"), c("c20", "t12", "t22"), c("c23", "t13", "t19", "t30", "t35", "t37"), c("c18", "t14", "t34"), c("c29", "t16", "t29", "t40"), c("c37", "t2", "t20", "t32", "t36", "t7"), c("c12", "c26", "c29", "c33", "t23"), c("c34", "t24"), c("c16", "t25"), c("c7", "t26", "t9"), c("c32", "t27"), c("c4", "t28"), c("c6", "c18", "t31"), c("c28", "t39", "t6"), c("c5", "c7", "c36", "t4"), c("c8", "c10", "c12", "c13", "c14", "c15", 
"c17", "c19", "c22", "c25", "c27", "c31", "t41"), c("c1", "c2", "c3", "c9", "c12", "c21", "c24", "c30", "c35", "t5"), c("c2", "t8")),17.8,c(0.237250712250713, -0.0994807692307692, 0.0147435897435897, -0.266032763532764, 0.000902621399501424, 0.0292273777528912, -0.0358682388379095, 0.0350802269313081, -0.0106895794305566, 0.0347014761674233),0.0129007483685897,c(elapsed = 1.36900000000014)
"39",0.209890882,42,list(c("c11", "t1", "t17", "t18", "t21", "t33"), c("c12", "t10", "t3", "t38", "t8"), c("c29", "t11"), c("c20", "t12", "t22"), c("c23", "t13", "t15", "t19", "t30", "t35", "t37"), c("c18", "t14", "t34"), c("c7", "t16", "t26", "t4", "t40", "t9"), c("c36", "t2", "t20", "t7"), c("c12", "c26", "c29", "c33", "t23"), c("c34", "t24"), c("c16", "t25"), c("c32", "t27"), c("c4", "t28"), c("c35", "t29"), c("c6", "t31"), c("c2", "t32"), c("c28", "t36", "t39", "t6"), c("c5", "c7", "c12", "c15", "t41"), c("c8", 
"c10", "c12", "c13", "c14", "c17", "c19", "c22", "c25", "c27", "c31", "t42"), c("c1", "c2", "c3", "c9", "c21", "c24", "c30", "t5")),17.3,c(0.122272172272172, -0.129720140970141, 0.0147630147630148, -0.546161893661893, 0.00142836923060273, 0.0150571626681567, -0.0461994990879204, 0.0350900628653676, -0.0217539478590406, 0.053994670490853),0.0102814031822039,c(elapsed = 1.73000000000002)
"40",0.212709195,43,list(c("c11", "t1", "t12", "t17", "t18", "t21", "t32", "t34"), c("c12", "t10", "t3", "t39", "t8"), c("c7", "c12", "c28", "t11"), c("c22", "t13", "t15", "t19", "t30", "t36", "t38"), c("c4", "t14", "t28"), c("c7", "t16", "t26", "t4", "t41", "t9"), c("c35", "t2", "t20", "t37", "t7"), c("c19", "t22"), c("c12", "c28", "c32", "t23"), c("c33", "t24"), c("c16", "t25"), c("c31", "t27"), c("c7", "c34", "t29"), c("c6", "t31"), c("c1", "t33"), c("c17", "t35"), c("c27", "t40", "t6"), c("c5", "c7", "c15", "t42"
), c("c8", "c10", "c12", "c13", "c14", "c17", "c18", "c21", "c24", "c25", "c26", "c30", "t43"), c("c2", "c3", "c6", "c9", "c20", "c23", "c29", "t5")),19.6,c(0.203235653235654, -0.105214590964591, 0.0256410256410256, -0.382948717948718, 0.000341515232203909, 0.0249541446152841, -0.037966870123854, 0.0608729141942457, -0.0152421184798256, 0.0127238957064377),0.00817566037582418,c(elapsed = 1.42900000000009)
"41",0.218879601,44,list(c("c10", "t1", "t12", "t17", "t18", "t21", "t35"), c("c11", "t10", "t15", "t3", "t40"), c("c27", "t11"), c("c3", "t13", "t14", "t29", "t33"), c("c6", "t16", "t26", "t4", "t42", "t9"), c("c21", "t19", "t31", "t37", "t39"), c("c34", "t2", "t20", "t7"), c("c18", "t22"), c("c11", "c24", "c31", "t23"), c("c32", "t24"), c("c15", "t25"), c("c1", "c2", "c3", "c5", "c8", "c10", "c28", "t27"), c("c30", "t28"), c("c33", "t30"), c("c5", "t32"), c("c1", "t34"), c("c16", "t36"), c("c26", "t38", "t41", "t6"
), c("c4", "c14", "t43"), c("c2", "c7", "c9", "c12", "c13", "c17", "c19", "c20", "c23", "c25", "c29", "t44"), c("c2", "c8", "c19", "c22", "t5"), c("c2", "t8")),17.9,c(0.308005883005883, -0.120305611055611, 0.0264180264180264, -0.226122211122211, 0.000538154918517595, 0.0376988864272877, -0.0430793252958267, 0.062634190681796, -0.00895954447051758, 0.0199369132011581),0.00408960857756688,c(elapsed = 1.36500000000024)
"42",0.220661387,45,list(c("c10", "t1", "t12", "t17", "t18", "t21", "t22", "t36"), c("c11", "t10", "t11", "t15", "t3", "t41"), c("c3", "t13", "t14", "t29", "t33", "t34"), c("c26", "t16", "t43"), c("c20", "t19", "t31", "t38", "t40"), c("c33", "t2", "t20", "t39", "t6", "t7"), c("c11", "c23", "t23"), c("c31", "t24"), c("c15", "t25"), c("c6", "t26", "t4", "t9"), c("c1", "c2", "c3", "c5", "c8", "c21", "c27", "t27"), c("c30", "t28"), c("c32", "t30"), c("c5", "t32"), c("c29", "t35"), c("c16", "t37"), c("c25", "t42"), c("c4", 
"c6", "c14", "t44"), c("c2", "c7", "c9", "c11", "c12", "c13", "c17", "c19", "c22", "c24", "c28", "t45"), c("c2", "c18", "t5"), c("c2", "t8")),18.2,c(0.271434121434121, -0.0669089521589525, 0.0247086247086247, -0.0557717282717291, 0.000627181793237318, 0.0331833037681932, -0.0237564420784676, 0.0584978740314149, -0.00221601464208716, 0.0234744512268122),0.00512094906516816,c(elapsed = 2.78999999999996)
"43",0.225951568,46,list(c("c9", "t1", "t12", "t17", "t18", "t21", "t22", "t37"), c("c10", "t10", "t11", "t15", "t27", "t3", "t42", "t8"), c("c19", "t13", "t19", "t32", "t39", "t41"), c("c2", "t14", "t30", "t34"), c("c25", "t16", "t44"), c("c32", "t2", "t20", "t40", "t6", "t7"), c("c10", "c22", "t23"), c("c30", "t24"), c("c14", "t25"), c("c5", "t26", "t4", "t9"), c("c1", "c2", "c4", "c7", "c20", "c26", "t28"), c("c29", "t29"), c("c31", "t31"), c("c4", "t33"), c("c1", "t35"), c("c28", "t36"), c("c15", "t38"), c("c24", 
"t43"), c("c3", "c5", "c10", "c13", "t45"), c("c6", "c8", "c10", "c11", "c12", "c16", "c17", "c18", "c21", "c23", "c27", "t46"), c("c7", "c17", "t5")),18.4,c(0.3250666000666, -0.0740995670995679, 0.0247086247086247, -0.108997668997669, 0.000440226049733597, 0.0396588382874939, -0.0261540379977763, 0.0584112319028007, -0.00430829521622015, 0.0165108044393541),0.00566901504934787,c(elapsed = 1.20100000000002)
"44",0.233747072,47,list(c("c9", "t1", "t12", "t17", "t18", "t21", "t22", "t34", "t37"), c("c10", "t10", "t15", "t23", "t27", "t3", "t43", "t8"), c("c24", "t11", "t16"), c("c19", "t13", "t19", "t32", "t39", "t42"), c("c2", "t14", "t30", "t35"), c("c31", "t2", "t20", "t40", "t41", "t6", "t7"), c("c29", "t24", "t44"), c("c14", "t25"), c("c5", "t26", "t4", "t45"), c("c1", "c2", "c4", "c7", "c20", "c25", "t28"), c("c28", "t29"), c("c30", "t31"), c("c4", "t33"), c("c27", "t36"), c("c15", "t38"), c("c3", "c5", "c13", "c22", 
"t46"), c("c6", "c8", "c10", "c11", "c12", "c16", "c17", "c18", "c21", "c23", "c26", "t47"), c("c7", "c17", "t5"), c("c22", "t9")),18.8,c(0.106125818625819, -0.0841041458541467, 0.0178710178710179, 0.069517288267289, 0.000521586872963147, 0.0129693432620479, -0.0298722005990949, 0.0417717718887812, 0.00272771249286714, 0.0197936919454979),0.00781045349240343,c(elapsed = 1.05200000000013)
"45",0.233861944,48,list(c("c9", "t1", "t12", "t17", "t18", "t21", "t22", "t34", "t38"), c("c10", "t10", "t11", "t15", "t23", "t27", "t3", "t44", "t8"), c("c2", "t13", "t14", "t30"), c("c5", "t16", "t26", "t4"), c("c18", "t19", "t25", "t32", "t35", "t40", "t43"), c("c30", "t2", "t20", "t41", "t42", "t6", "t7"), c("c28", "t24", "t45"), c("c1", "c2", "c4", "c7", "c16", "c19", "t28"), c("c27", "t29"), c("c29", "t31"), c("c4", "t33"), c("c1", "t36"), c("c26", "t37"), c("c14", "t39"), c("c23", "t46"), c("c3", "c5", "c6", 
"c13", "c27", "t47"), c("c8", "c10", "c11", "c12", "c15", "c16", "c17", "c19", "c20", "c22", "c25", "t48"), c("c16", "c24", "t5"), c("c21", "t9")),19.7,c(0.19752331002331, -0.17611285936286, 0.0178710178710179, 0.249567793317794, 0.000454424777049341, 0.0242023137497099, -0.0633280122236879, 0.0416934092320432, 0.00970022037962062, 0.0175696226248789),0.00649817751563714,c(elapsed = 6.04600000000028)
"46",0.234355753,49,list(c("c9", "t1", "t12", "t17", "t18", "t21", "t22", "t34", "t38"), c("c10", "t10", "t11", "t15", "t27", "t3", "t45", "t8"), c("c7", "t13", "t30"), c("c2", "t14"), c("c22", "t16", "t31", "t47"), c("c18", "t19", "t24", "t25", "t32", "t35", "t40", "t44"), c("c29", "t2", "t20", "t42", "t43", "t6", "t7"), c("c10", "c26", "t23"), c("c5", "t26", "t4", "t9"), c("c1", "c2", "c4", "c7", "c23", "t28"), c("c26", "t29"), c("c4", "t33"), c("c1", "t36"), c("c25", "t37"), c("c14", "t39"), c("c28", "t41"), c("c27", 
"t46"), c("c3", "c5", "c6", "c10", "c13", "t48"), c("c8", "c10", "c11", "c12", "c15", "c16", "c17", "c20", "c21", "c24", "t49"), c("c7", "c16", "c19", "t5")),19.4,c(0.202762515262516, -0.0964929792429793, 0.0123931623931624, -0.175886752136752, -0.00050998714618437, 0.02485749926245, -0.0343119175398795, 0.028858698410284, -0.00680897051168063, -0.0196087135357876),0.00722264118215812,c(elapsed = 3.21000000000004)
"47",0.247081587,50,list(c("c8", "t1", "t12", "t17", "t18", "t21", "t22", "t35", "t39"), c("c9", "t10", "t11", "t15", "t27", "t29", "t3", "t4", "t46", "t8"), c("c2", "t13", "t14", "t30"), c("c21", "t16", "t31", "t48"), c("c17", "t19", "t24", "t25", "t32", "t36", "t41", "t45"), c("c28", "t2", "t20", "t43", "t44", "t6", "t7"), c("c9", "c25", "t23"), c("c5", "t26", "t9"), c("c1", "c2", "c4", "c6", "t28"), c("c4", "t33"), c("c25", "t34"), c("c1", "t37"), c("c24", "t38"), c("c13", "t40"), c("c5", "c9", "c21", "c27", "t42"
), c("c26", "t47"), c("c3", "c5", "c12", "t49"), c("c6", "c15", "c18", "c22", "t5"), c("c7", "c9", "c10", "c11", "c14", "c16", "c18", "c19", "c20", "c23", "t50")),19.2,c(0.0504833129833137, -0.0708653846153852, 0.0123931623931624, 0.153502747252747, -0.000454999546774519, 0.00617114898114096, -0.0249862449717166, 0.0288052801548579, 0.00589095778487417, -0.0174825984436291),0.00581975779085775,c(elapsed = 0.800999999999931)
"48",0.25776632,51,list(c("c8", "t1", "t12", "t17", "t18", "t21", "t22", "t35", "t40"), c("c27", "t10", "t2", "t20", "t44", "t45", "t6", "t7"), c("c20", "t11", "t16", "t3", "t36", "t47", "t49"), c("c16", "t13", "t15", "t19", "t24", "t32", "t37", "t42", "t46"), c("c2", "t14", "t30", "t8"), c("c24", "t23", "t29", "t34"), c("c17", "t25"), c("c5", "t26", "t4", "t43", "t9"), c("c6", "t27"), c("c1", "c2", "c6", "t28"), c("c26", "t31"), c("c4", "t33"), c("c1", "t38"), c("c23", "t39"), c("c12", "t41"), c("c25", "t48"), c("c2", 
"c6", "c14", "c17", "c21", "t5"), c("c3", "c5", "c11", "c20", "t50"), c("c7", "c9", "c10", "c13", "c14", "c15", "c17", "c18", "c19", "c22", "c24", "t51")),20.2,c(0.13595154845155, -0.0739587218337223, 0.012987012987013, -0.13904082029082, 0.000600764725380176, 0.016594330904684, -0.0258239823983567, 0.0301333122405523, -0.00529209003811334, 0.0231584665487466),0.00546215401282884,c(elapsed = 1.63300000000027)
"49",0.261711206,52,list(c("c7", "t1", "t12", "t17", "t18", "t21", "t22", "t36", "t41"), c("c19", "t10", "t15", "t16", "t3", "t31", "t37", "t48", "t50"), c("c23", "t11", "t23", "t29"), c("c5", "c15", "t13"), c("c2", "t14", "t30"), c("c15", "t19", "t24", "t25", "t33", "t38", "t43", "t47"), c("c26", "t2", "t20", "t45", "t46", "t6", "t7"), c("c4", "t26", "t4", "t9"), c("c5", "t27", "t8"), c("c1", "c2", "c5", "c7", "t28"), c("c1", "t32", "t34", "t39"), c("c13", "c23", "t35"), c("c22", "t40"), c("c11", "t42"), c("c4", "c19", 
"c25", "t44"), c("c24", "t49"), c("c2", "c5", "c13", "c16", "c20", "t5"), c("c3", "c4", "c10", "c13", "t51"), c("c6", "c8", "c9", "c12", "c13", "c14", "c16", "c17", "c18", "c21", "t52")),20.7,c(0.16953601953602, 0.0235576923076915, 0.0123931623931624, 0.197519841269841, -0.000223422401724664, 0.0206032138733557, 0.0081458423556108, 0.0287118696334193, 0.00754862901214366, -0.00853755147327879),0.00836685471895604,c(elapsed = 4.56099999999969)
"50",0.267850204,53,list(c("c6", "t1", "t12", "t17", "t18", "t21", "t22", "t37", "t42"), c("c18", "t10", "t11", "t15", "t16", "t32", "t38", "t49"), c("c1", "t13", "t14", "t27", "t31", "t40", "t8"), c("c14", "t19", "t24", "t25", "t34", "t39", "t44", "t48"), c("c25", "t2", "t20", "t3", "t46", "t47", "t6", "t7"), c("c15", "t23"), c("c3", "t26", "t4", "t45", "t51", "t9"), c("c4", "t28", "t35"), c("c1", "c4", "c6", "t29"), c("c22", "t30"), c("c24", "t33"), c("c12", "t36"), c("c21", "t41"), c("c10", "t43"), c("c4", "c12", 
"t5"), c("c23", "t50"), c("c2", "c3", "c9", "c12", "c18", "t52"), c("c4", "c5", "c7", "c8", "c11", "c12", "c13", "c16", "c17", "c19", "c20", "t53")),21.3,c(0.116964979464981, -0.000680458430458713, 0.012987012987013, 0.0098952436452435, -0.000312383378635254, 0.0142229527347933, -0.000234176190199439, 0.0300522797269921, 0.000378676079699831, -0.0118572101903859),0.00913965994728744,c(elapsed = 0.619000000000142)
"51",0.270138956,54,list(c("c6", "t1", "t12", "t17", "t18", "t21", "t22", "t27", "t37", "t43"), c("c24", "t10", "t2", "t20", "t3", "t44", "t47", "t48", "t6", "t7"), c("c17", "t11", "t32", "t50", "t51"), c("c1", "t13", "t14", "t31", "t41"), c("c13", "t15", "t19", "t24", "t25", "t34", "t39", "t45", "t49"), c("c3", "t16", "t26", "t38", "t4", "t52", "t9"), c("c14", "c21", "t23"), c("c4", "t28", "t35", "t8"), c("c1", "c4", "c6", "t29"), c("c21", "t30"), c("c23", "t33"), c("c11", "t36"), c("c22", "t40"), c("c20", "t42"), 
    c("c3", "c17", "t46"), c("c4", "c11", "t5"), c("c2", "c3", "c9", "c11", "t53"), c("c1", "c5", "c7", "c8", "c10", "c11", "c12", "c15", "c16", "c18", "c19", "t54")),21.7,c(-0.349375161875163, -0.142968466718466, -0.001003626003626, -0.059765928515929, -0.000525708664594665, -0.0422656381265868, -0.0514529024931446, -0.00229582588524141, -0.00225947404127991, -0.0198892741733187),0.00629619511593499,c(elapsed = 2.11400000000003)
"52",0.275791758,55,list(c("c6", "t1", "t12", "t17", "t18", "t21", "t22", "t27", "t37", "t43"), c("c23", "t10", "t2", "t20", "t40", "t44", "t47", "t48", "t6", "t7"), c("c17", "t11", "t16", "t3", "t32", "t38", "t50"), c("c1", "t13", "t14", "t41"), c("c13", "t15", "t19", "t24", "t25", "t34", "t39", "t45", "t49"), c("c11", "t23", "t36", "t53"), c("c3", "t26", "t4", "t46", "t52", "t9"), c("c4", "t28", "t35", "t8"), c("c1", "c4", "c6", "c18", "t29"), c("c20", "t30"), c("c1", "c4", "t31"), c("c22", "t33"), c("c14", "t42"), 
    c("c1", "c4", "c11", "t5"), c("c21", "t51"), c("c2", "c3", "c9", "t54"), c("c4", "c5", "c7", "c8", "c10", "c11", "c12", "c14", "c15", "c16", "c19", "t55")),21.6,c(0.026084563584564, -0.0756705516705516, 0.000777000777000788, -0.0138296425796427, 3.97284651644642e-05, 0.00313611116766897, -0.0268959576390065, 0.00177437138348152, -0.000515800518385447, 0.00150572233209873),0.00641403585927221,c(elapsed = 2.24200000000019)
"53",0.294433726,56,list(c("c6", "t1", "t12", "t17", "t18", "t21", "t22", "t27", "t37", "t44"), c("c22", "t10", "t2", "t20", "t3", "t39", "t41", "t48", "t49", "t6", "t7"), c("c16", "t11", "t16", "t23", "t32", "t38", "t51"), c("c1", "t13", "t14", "t31", "t42"), c("c12", "t15", "t19", "t25", "t34", "t40", "t46", "t50"), c("c20", "t24", "t52"), c("c3", "t26", "t4", "t45", "t47", "t53", "t9"), c("c4", "t28", "t35", "t8"), c("c1", "c4", "t29"), c("c19", "t30"), c("c21", "t33"), c("c10", "t36", "t54"), c("c13", "t43"), c("c1", 
"c4", "c13", "t5"), c("c2", "c3", "c8", "t55"), c("c4", "c5", "c7", "c9", "c10", "c11", "c13", "c14", "c15", "c17", "c18", "t56")),21.5,c(-0.0685240685240682, -0.0702984607984609, 0.00559440559440561, 0.0840154290154289, -7.29191149776157e-05, -0.00826915742066934, -0.0246787733594772, 0.0126593524698208, 0.00311440181821237, -0.00274195156242637),0.00454716861432826,c(elapsed = 2.125)
"54",0.301488133,57,list(c("c6", "t1", "t12", "t17", "t18", "t21", "t22", "t37", "t45"), c("c15", "t10", "t11", "t16", "t32", "t38", "t52", "t54"), c("c1", "t13", "t14", "t27", "t31", "t42"), c("c11", "t15", "t19", "t24", "t25", "t34", "t40", "t47", "t51"), c("c21", "t2", "t20", "t3", "t39", "t41", "t43", "t49", "t50", "t6", "t7"), c("c12", "c15", "t23"), c("c3", "t26", "t4", "t46", "t48", "t9"), c("c4", "t28", "t35", "t8"), c("c1", "c4", "c6", "t29"), c("c18", "t30"), c("c20", "t33"), c("c9", "t36", "t55"), c("c12", 
"t44"), c("c1", "c4", "c16", "t5"), c("c19", "t53"), c("c2", "c3", "c8", "c15", "t56"), c("c4", "c5", "c7", "c9", "c10", "c13", "c14", "c17", "t57")),21.5,c(-0.00613553113553258, -0.0425732600732604, -0.00064102564102565, -0.123614163614164, -3.24865338980469e-05, -0.000741138629015186, -0.0147730128075354, -0.00144267213508449, -0.0045280413238334, -0.00121126570757399),0.00543890440196886,c(elapsed = 1.63700000000017)
"55",0.30380677,58,list(c("c5", "t1", "t12", "t17", "t18", "t21", "t22", "t27", "t38", "t46"), c("c20", "t10", "t2", "t20", "t3", "t42", "t47", "t50", "t51", "t6", "t7"), c("c14", "t11", "t23", "t32", "t55"), c("c1", "t13", "t14", "t28", "t29", "t31", "t35", "t37", "t43", "t8"), c("c10", "t15", "t19", "t24", "t25", "t34", "t41", "t48", "t52"), c("c3", "t16", "t26", "t39", "t4", "t49", "t53", "t9"), c("c17", "t30"), c("c19", "t33"), c("c8", "t36", "t56"), c("c3", "c20", "t40", "t44"), c("c11", "t45"), c("c1", "c8", 
"c11", "c15", "t5"), c("c18", "t54"), c("c2", "c3", "c7", "t57"), c("c4", "c6", "c8", "c9", "c11", "c12", "c13", "c16", "t58")),21.7,c(0.0286223036223034, -0.0744547720797721, 0.00192307692307693, 0.138992165242165, 0.000166564995207571, 0.00344363855705258, -0.0257024149518794, 0.00431188509155825, 0.00502606765678581, 0.00614391918658284),0.00540263520422772,c(elapsed = 2.37199999999984)
"56",0.308096798,59,list(c("c5", "t1", "t12", "t17", "t18", "t2", "t21", "t22", "t27", "t33", "t35", "t37", "t38", "t45", "t46", "t58"), c("c14", "t10", "t11", "t23", "t3", "t32", "t56"), c("c1", "t13", "t14", "t31", "t43", "t8"), c("c18", "t15", "t24", "t42", "t47", "t50", "t51", "t54", "t6"), c("c3", "t16", "t20", "t26", "t39", "t40", "t49", "t53", "t55", "t7", "t9"), c("c10", "t19", "t34", "t41", "t48", "t52"), c("c9", "t25"), c("c1", "c5", "t28"), c("c1", "c5", "c11", "t29"), c("c17", "t30"), c("c1", "c8", "c11", 
"t36"), c("c3", "c14", "t4"), c("c16", "t44"), c("c1", "c5", "c8", "c11", "t5"), c("c2", "c3", "c7", "c8", "c14", "c15", "c19", "t57"), c("c4", "c6", "c12", "c13", "c16", "t59")),28.7,c(-0.186416361416362, -0.038986111111111, 0.0133547008547009, -0.875688339438339, -0.00073515089200244, -0.0225015048664869, -0.0135913180894983, 0.0298653876158044, -0.0319214302972439, -0.0274239753728257),0.00890468976040904,c(elapsed = 1.37700000000041)
"57",0.311559369,60,list(c("c4", "t1", "t12", "t17", "t18", "t2", "t21", "t22", "t27", "t33", "t39", "t46", "t47", "t59"), c("c13", "t10", "t11", "t15", "t16", "t20", "t23", "t26", "t3", "t32", "t35", "t4", "t40", "t41", "t45", "t50", "t54", "t56", "t7", "t9"), c("c1", "t13", "t14", "t28", "t31", "t36", "t44", "t8"), c("c9", "t19", "t25", "t42", "t49"), c("c17", "t24", "t34", "t43", "t48", "t51", "t52", "t53", "t55", "t6"), c("c1", "c4", "c7", "c12", "c18", "t29"), c("c13", "c16", "t30"), c("c1", "c7", "c8", "c9", "c10", 
"c13", "c14", "t37"), c("c1", "c4", "t38", "t5"), c("c7", "c10", "c13", "t57"), c("c1", "c2", "c6", "c13", "t58"), c("c1", "c3", "c5", "c11", "c12", "c15", "t60")),31.8,c(-0.170033276814654, 0.00147749963337117, 0.00396017987111105, -0.424583730859035, 0.000112786552377453, -0.0219192164605894, 0.000508456404878291, 0.00881244210453583, -0.0153275628364245, 0.00415581273849847),0.00608302664929871,c(elapsed = 1.67000000000007)
"58",0.32022118,61,list(c("c4", "t1", "t12", "t17", "t18", "t21", "t22", "t27", "t28", "t39", "t42", "t46", "t47", "t60"), c("c13", "t10", "t11", "t16", "t2", "t20", "t23", "t26", "t3", "t30", "t32", "t35", "t4", "t40", "t41", "t45", "t50", "t54", "t56", "t58", "t6", "t7", "t9"), c("c1", "t13", "t14", "t31", "t33", "t36", "t44", "t8"), c("c16", "t15", "t24", "t43", "t48", "t51", "t52", "t53", "t55"), c("c9", "t19", "t25", "t34", "t49"), c("c1", "c4", "c12", "t29"), c("c1", "c7", "c9", "c10", "c13", "c14", "t37"), c("c1", 
"c4", "t38"), c("c1", "c4", "c7", "t5"), c("c8", "c10", "t57"), c("c2", "c6", "c7", "c13", "c17", "t59"), c("c3", "c5", "c11", "c12", "c15", "t61")),31.6,c(0.00139315812392682, 0.175438408813409, 0.0131940708863786, -0.300799894549895, -0.000457084517985326, 0.000178198379908188, 0.0606025433763936, 0.0292255561421123, -0.0106458527478644, -0.0173362071481324),0.00698919621639504,c(elapsed = 1.34299999999985)
"59",0.326923527,62,list(c("c4", "t1", "t12", "t17", "t18", "t21", "t22", "t27", "t39", "t42", "t47", "t61"), c("c13", "t10", "t11", "t15", "t16", "t23", "t26", "t3", "t30", "t32", "t35", "t4", "t40", "t41", "t45", "t46", "t50", "t55", "t57", "t6", "t7", "t9"), c("c1", "t13", "t14", "t28", "t31", "t33", "t36", "t44", "t48", "t5", "t8"), c("c9", "t19", "t25", "t34", "t49"), c("c12", "t2", "t20"), c("c15", "t24", "t43", "t51", "t52", "t53", "t56"), c("c1", "c4", "c12", "t29"), c("c1", "c7", "c10", "t37"), c("c1", "c4", 
"t38"), c("c1", "c6", "c7", "c10", "c16", "t54"), c("c8", "c10", "t58"), c("c10", "c13", "t59"), c("c2", "c6", "c7", "c13", "t60"), c("c3", "c5", "c11", "c12", "c14", "t62")),30.8,c(0.0446525696525686, 0.155025363525365, 0.011960261960262, -0.304545732045731, 0.000109958378643579, 0.00571769887038573, 0.0534981542250561, 0.0263889668329473, -0.0105195091474951, 0.00420135404018416),0.00966622331600622,c(elapsed = 5.86500000000024)
"60",0.339114631,63,list(c("c4", "t1", "t12", "t17", "t18", "t2", "t21", "t22", "t27", "t39", "t42", "t47"), c("c13", "t10", "t11", "t15", "t16", "t23", "t26", "t3", "t30", "t32", "t35", "t4", "t40", "t41", "t45", "t50", "t55", "t57", "t59", "t6", "t60", "t7", "t9"), c("c1", "t13", "t14", "t28", "t31", "t33", "t36", "t44", "t48", "t8"), c("c9", "t19", "t34", "t49"), c("c12", "t20", "t62"), c("c15", "t24", "t43", "t51", "t52", "t53", "t56"), c("c8", "t25"), c("c1", "c4", "c12", "t29"), c("c1", "c7", "c10", "c13", "t37"
), c("c1", "c4", "t38", "t5"), c("c10", "t46"), c("c1", "c6", "c7", "c10", "t54"), c("c7", "c10", "t58"), c("c2", "c13", "t61"), c("c3", "c5", "c11", "c12", "c14", "t63")),30.9,c(-0.0604895104895098, 0.0817817922817932, 0.0184537684537685, 0.447024734524733, 0.000579985011408963, -0.00770401689915303, 0.0285703391558137, 0.0406039460220024, 0.0155210854324599, 0.0218729569954609),0.00771279417138047,c(elapsed = 0.936999999999898)
"61",0.361244548,64,list(c("c4", "t1", "t12", "t17", "t18", "t21", "t22", "t27", "t28", "t33", "t39", "t42", "t46", "t48"), c("c12", "t10", "t11", "t15", "t16", "t23", "t26", "t3", "t30", "t32", "t35", "t4", "t40", "t41", "t45", "t51", "t56", "t58", "t6", "t61", "t7", "t9"), c("c1", "t13", "t14", "t31", "t36", "t38", "t44", "t49", "t8"), c("c8", "t19", "t34", "t50"), c("c11", "t2", "t20", "t63"), c("c14", "t24", "t43", "t52", "t53", "t54", "t57"), c("c9", "t25", "t59"), c("c1", "c4", "c11", "t29"), c("c1", "c7", "t37", 
"t5"), c("c9", "c13", "t47"), c("c1", "c3", "c6", "c7", "c9", "t55"), c("c7", "c9", "c12", "t60"), c("c2", "c7", "c12", "t62"), c("c3", "c5", "c10", "c11", "c13", "t64")),30.5,c(-0.0805449891988344, 0.073062717197333, 0.00286935286935287, 0.0860324504555256, 0.000354362121592937, -0.0101539402930522, 0.0251316899906903, 0.00627266620470967, 0.00290350307031401, 0.0136239205966654),0.0123181374510191,c(elapsed = 1.60699999999997)
"62",0.368450147,65,list(c("c4", "t1", "t12", "t17", "t18", "t21", "t22", "t27", "t33", "t39", "t42", "t49"), c("c11", "t10", "t11", "t15", "t16", "t23", "t26", "t3", "t30", "t32", "t35", "t4", "t40", "t41", "t45", "t47", "t52", "t57", "t59", "t6", "t61", "t62", "t7", "t9"), c("c1", "t13", "t14", "t28", "t31", "t36", "t44", "t5", "t50", "t8"), c("c7", "t19", "t34", "t51", "t55"), c("c10", "t2", "t20", "t64"), c("c13", "t24", "t43", "t53", "t54", "t58"), c("c8", "t25", "t46", "t48", "t60"), c("c1", "c4", "c10", "t29"
), c("c1", "c8", "t37"), c("c1", "c4", "t38"), c("c1", "c3", "c6", "c8", "c9", "c10", "t56"), c("c2", "c6", "c11", "t63"), c("c1", "c3", "c5", "c10", "c12", "t65")),31.2,c(0.164996396518136, 0.118796327263718, 0.0058063916759569, -0.216130367217324, 0.000167624785807914, 0.0205183561108542, 0.0402703501309875, 0.0126387969184678, -0.00709703387074666, 0.00637762836371068),0.00830596511930622,c(elapsed = 3.16499999999996)
"63",0.375956351,66,list(c("c4", "t1", "t12", "t17", "t18", "t21", "t22", "t27", "t28", "t33", "t39", "t43", "t50"), c("c10", "t10", "t11", "t15", "t16", "t23", "t26", "t3", "t30", "t32", "t35", "t4", "t40", "t41", "t42", "t48", "t53", "t58", "t6", "t60", "t62", "t63", "t7", "t9"), c("c1", "t13", "t14", "t31", "t36", "t37", "t45", "t5", "t51", "t52", "t8"), c("c6", "t19", "t34"), c("c9", "t2", "t20", "t46", "t65"), c("c12", "t24", "t44", "t54", "t55", "t56", "t59"), c("c7", "t25", "t47", "t61"), c("c1", "c4", "c7", 
"c9", "t29"), c("c1", "c4", "t38"), c("c7", "c11", "t49"), c("c1", "c3", "c7", "t57"), c("c2", "c10", "t64"), c("c1", "c3", "c5", "c8", "c9", "c11", "t66")),31.1,c(0.0171869193608343, 0.120171683389074, 0.00209030100334448, 0.0116871051653639, -0.000175255517790784, 0.00210280321181665, 0.0425010135101841, 0.00454104215476273, 0.000372286481270289, -0.00692654356016313),0.0086581759297566,c(elapsed = 2.09699999999975)
"64",0.38031802,67,list(c("c3", "t1", "t12", "t17", "t18", "t21", "t22", "t27", "t34", "t40", "t44", "t51"), c("c9", "t10", "t11", "t15", "t16", "t23", "t26", "t3", "t30", "t31", "t33", "t36", "t4", "t41", "t42", "t43", "t49", "t54", "t59", "t61", "t63", "t64", "t65", "t7", "t9"), c("c1", "t13", "t14", "t28", "t32", "t37", "t39", "t46", "t52", "t8"), c("c5", "t19", "t35", "t53"), c("c8", "t2", "t20", "t66"), c("c11", "t24", "t45", "t55", "t56", "t57", "t6", "t60"), c("c6", "t25", "t48", "t50", "t62"), c("c1", "c3", 
"c8", "t29"), c("c1", "c6", "t38", "t58"), c("c7", "t47"), c("c1", "c3", "t5"), c("c1", "c2", "c4", "c7", "c8", "c10", "t67")),30.4,c(0.276205276205276, 0.0656204212454213, 0.00206043956043956, 0.457837532837531, 0.000854839597233788, 0.033167481122815, 0.0230505034204044, 0.00448568142941176, 0.0144180590551655, 0.0334388392863151),0.00842238647254828,c(elapsed = 3.91499999999996)
"65",0.417314127,68,list(c("c2", "t1", "t12", "t14", "t17", "t18", "t21", "t22", "t27", "t28", "t30", "t33", "t35", "t38", "t40", "t41", "t47", "t49", "t52", "t8"), c("c8", "t10", "t11", "t15", "t16", "t23", "t26", "t3", "t31", "t32", "t34", "t37", "t4", "t42", "t44", "t48", "t50", "t55", "t6", "t60", "t62", "t64", "t65", "t66", "t7", "t9"), c("c4", "t13", "t19", "t25", "t36", "t39", "t45", "t54", "t58"), c("c7", "t2", "t20", "t43", "t67", "t68"), c("c10", "t24", "t46", "t53", "t56", "t57", "t61"), c("c2", "c5", "c7", 
"t29"), c("c5", "t5", "t63"), c("c1", "c2", "c3", "c5", "c6", "c7", "c9", "t51"), c("c1", "t59")),34.2,c(-0.142894094209887, 0.112746937857462, 0.0166788766788767, 0.269815018315021, 0.000118441512822445, -0.0171515075706165, 0.0392044840367071, 0.0366518056380226, 0.00824063427718565, 0.00456046351168282),0.00588533926902994,c(elapsed = 1.37899999999991)
"66",0.427055912,69,list(c("c2", "t1", "t12", "t17", "t18", "t21", "t22", "t27", "t28", "t29", "t30", "t33", "t35", "t40", "t41", "t48", "t53"), c("c7", "t10", "t11", "t16", "t23", "t26", "t3", "t31", "t32", "t34", "t37", "t4", "t42", "t43", "t45", "t50", "t56", "t6", "t61", "t63", "t65", "t66", "t67", "t7", "t9"), c("c3", "t13", "t14", "t15", "t19", "t24", "t25", "t36", "t39", "t46", "t55", "t59", "t8"), c("c6", "t2", "t20", "t38", "t68"), c("c1", "c3", "c6", "t44"), c("c9", "t47", "t54", "t57", "t58", "t62"), c("c5", 
"c8", "t49"), c("c1", "t5", "t51", "t60", "t69"), c("c1", "c3", "c4", "c6", "c8", "t52"), c("c4", "t64")),32.9,c(0.105555555555554, 0.0677719017094023, 0.00491452991452991, -0.574358974358976, 0.000784816887286329, 0.0124125868799455, 0.0230212922755069, 0.0105629539125321, -0.023755077688271, 0.0309000811956997),-0.000464216581837607,c(elapsed = 0.8449999999998)
"67",0.431148061,70,list(c("c1", "t1", "t12", "t17", "t18", "t21", "t22", "t27", "t29", "t30", "t33", "t40", "t42", "t49", "t51", "t54"), c("c6", "t10", "t11", "t16", "t23", "t26", "t3", "t31", "t32", "t34", "t37", "t4", "t43", "t46", "t52", "t57", "t62", "t64", "t66", "t67", "t68", "t7", "t9"), c("c2", "t13", "t14", "t15", "t19", "t24", "t25", "t36", "t39", "t47", "t56", "t60", "t8"), c("c5", "t2", "t20", "t35", "t38", "t5", "t69"), c("c1", "c6", "t28"), c("c4", "t41", "t44", "t50", "t70"), c("c2", "c5", "t45"), c("c8", 
"t48", "t55", "t58", "t6", "t63"), c("c1", "c2", "c3", "c4", "c5", "c7", "t53"), c("c7", "c8", "t59"), c("c3", "t61", "t65")),35.5,c(0.0240870240870259, 0.0525594405594404, -0.00384615384615385, -0.849388111888113, 2.50807794677599e-05, 0.00274828417143534, 0.017340120758165, -0.00812618278847185, -0.0342263333652734, 0.00102243535847005),0.0057478220270202,c(elapsed = 1.41199999999981)
"68",0.440568638,71,NULL,NULL,NULL,0.0057478220270202,NULL
"69",0.443424924,72,NULL,NULL,NULL,0.0057478220270202,NULL
"70",0.456481221,73,NULL,NULL,NULL,0.0057478220270202,NULL
"71",0.460301116,74,NULL,NULL,NULL,0.0057478220270202,NULL
